{"stats":{"minecraft:used":{"minecraft:stone_axe":1,"minecraft:cobblestone":5,"minecraft:crafting_table":1,"minecraft:wooden_pickaxe":20},"minecraft:custom":{"minecraft:time_since_rest":4361,"minecraft:crouch_one_cm":1208,"minecraft:deaths":1,"minecraft:sprint_one_cm":15804,"minecraft:play_time":35830,"minecraft:damage_taken":265,"minecraft:walk_one_cm":14705,"minecraft:sneak_time":466,"minecraft:jump":176,"minecraft:damage_dealt":30,"minecraft:leave_game":4,"minecraft:time_since_death":4334,"minecraft:climb_one_cm":190,"minecraft:total_world_time":35830,"minecraft:interact_with_crafting_table":2,"minecraft:fall_one_cm":8218,"minecraft:fly_one_cm":23991},"minecraft:picked_up":{"minecraft:crafting_table":1,"minecraft:oak_log":5,"minecraft:melon_slice":5,"minecraft:cobblestone":20},"minecraft:crafted":{"minecraft:oak_planks":20,"minecraft:stone_axe":1,"minecraft:crafting_table":1,"minecraft:stick":8,"minecraft:wooden_pickaxe":1,"minecraft:stone_pickaxe":1},"minecraft:mined":{"minecraft:oak_log":5,"minecraft:melon":1,"minecraft:stone":20,"minecraft:crafting_table":1,"minecraft:oak_leaves":1,"minecraft:fern":1},"minecraft:killed_by":{"minecraft:skeleton":1}},"DataVersion":3953}